,fish_ID,trial,swim_number,time,x_position,y_position
0,38,0,0,11.280975580215454,1.803111936826657,-3.636071403946243
1,38,0,1,12.169857263565063,0.9883596614697383,-3.613242576888101
2,38,0,2,12.925406694412231,0.2374132183598351,-3.384930669296457
3,38,0,3,14.425394535064697,-0.5624031966884104,-2.884759538166106
4,38,0,4,15.147610902786255,-1.2668068023386094,-2.361597654369118
5,38,0,5,15.792050123214722,-2.1839094778795096,-2.527309382877
6,38,0,6,16.347601175308228,-2.3065501464739064,-3.1282215879853705
7,38,0,7,16.758708953857422,-2.7458226595423807,-3.3735842418221416
8,38,0,8,18.203141689300537,-2.695447341588074,-3.698313795439508
9,38,0,9,19.869794845581055,-2.0466303408681714,-3.6457334655328544
10,38,0,10,21.1920063495636,-1.2256681484294747,-3.7927106873909464
11,38,0,11,21.980888843536377,-0.7651381677761098,-3.2620094023849244
12,38,0,12,22.825326442718506,-0.6398377907810183,-2.3490366621132748
13,38,0,13,23.858651399612427,-0.6537372735053661,-1.413807765265779
14,38,0,14,24.825310230255127,-1.0610216423254297,-0.7838542996854906
15,38,0,15,25.658636808395386,-2.1715081483439684,-0.6146810256687354
16,38,0,16,26.98084831237793,-3.0617526500591445,-0.9560858139369314
17,38,0,17,27.614176511764526,-3.3061801579364953,-1.7592288823790645
18,38,0,18,28.558613300323486,-3.7962314017249748,-2.3620407632984874
19,38,0,19,28.9252769947052,-3.317970555038953,-3.0608807336045345
20,38,0,20,29.84749174118042,-3.312149517584058,-3.777892681987351
21,38,0,21,32.06969594955444,-3.6010431808150747,-2.687925803227935
22,38,0,22,32.9030225276947,-3.2984609190640417,-1.7975567715130112
23,38,0,23,34.036346673965454,-3.4503409169328383,-1.0736907350789069
24,38,0,24,35.047449588775635,-3.547377975901901,-0.18006747789190766
25,38,0,25,36.4363272190094,-3.1116424281004518,0.5094553135295561
26,38,0,26,37.2918758392334,-3.1985871882924966,1.2110607652912715
27,38,0,27,38.11409139633179,-3.376752841405521,2.105513791551683
28,38,0,28,39.20297145843506,-3.004361762450469,2.8969757938286698
29,38,0,29,40.0807421207428,-2.193848380354998,3.0964893798543005
30,38,0,30,41.09184503555298,-1.4830009015272245,3.390151321997788
31,38,0,31,41.758506298065186,-0.7617087373964899,3.100983052509898
32,38,0,32,42.83627533912659,-0.4692095877856072,2.3271883586748543
33,38,0,33,44.03626561164856,-0.7788521514397024,1.5585907698117718
34,38,0,34,45.01403546333313,-1.553310182946002,1.212347894706335
35,38,0,35,46.16958165168762,-2.0052468864503994,0.5969988712335862
36,38,0,36,47.11401844024658,-2.716972976603494,0.2652139405368318
37,38,0,37,48.91400384902954,-3.351675711727106,-0.24169616893673923
38,38,0,38,49.91399574279785,-4.109368259599314,-0.47458641583658834
39,38,0,39,50.6028790473938,-4.182694041517006,-0.9854546626304225
40,38,0,40,51.58064889907837,-3.746727175005553,-1.8073573150904072
41,38,0,41,52.84730529785156,-3.5633858460565424,-2.7702587580927767
42,38,0,42,54.125072717666626,-3.208631321712705,-3.4418348213591687
43,38,0,43,54.8028450012207,-3.5260605025737224,-3.825295627810153
44,38,0,44,56.55838632583618,-3.125792492207845,-3.4593045525925663
45,38,0,45,57.32504677772522,-2.501394379019273,-3.1853462236532097
46,38,0,46,58.25837254524231,-1.9155869261794487,-3.175318079556221
47,38,0,47,59.03614401817322,-1.2822377703582772,-3.0328837336643812
48,38,0,48,60.14724612236023,-0.8227030819351461,-3.361216139991779
49,38,0,49,61.0139057636261,-0.8353075975580743,-4.020764479790111
50,38,0,50,61.9805645942688,-0.5810472364575019,-4.515191878835561
51,38,0,51,62.76944708824158,-0.12537114861642595,-4.139935781787528
52,38,0,52,63.647217750549316,0.46370012631601637,-3.857748310384018
53,38,0,53,64.6583206653595,0.7989439091429251,-4.167066488649879
54,38,0,54,65.68053460121155,1.2594443064414444,-4.512821045417764
55,38,0,55,66.58052730560303,1.5726454917642536,-4.171393922472259
56,38,0,56,67.2582995891571,1.5801485632210337,-3.424052449873399
57,38,0,57,68.09162616729736,1.2359841072941093,-2.854344280882036
58,38,0,58,68.8582866191864,0.30732086932975033,-2.4973217337906046
59,38,0,59,69.88050055503845,-0.39013576563940766,-2.0069571677220654
60,38,0,60,70.95826959609985,-1.150187488001791,-1.715180917591809
61,38,0,61,71.89159536361694,-1.8330420438877326,-1.72427765042587
62,38,0,62,72.69158887863159,-2.409305175505097,-2.124401019011092
63,38,0,63,73.44713830947876,-3.319592301078499,-2.190800840956112
64,38,0,64,74.20268774032593,-3.7448065872175547,-2.619935652061538
65,38,0,65,76.61377930641174,-3.896904144138661,-3.007564051796962
66,38,0,66,77.28044056892395,-3.599604951823471,-3.2142225402708533
67,38,0,67,78.26932144165039,-3.051228626349954,-3.318067806745181
68,38,0,68,79.03598189353943,-2.8961769503470363,-3.622922091153789
69,38,0,69,79.84708642959595,-2.5746765514321788,-3.7576299211981112
70,38,0,70,81.21374201774597,-2.193665528989487,-3.422544725153677
71,38,0,71,82.38039922714233,-1.844099550220976,-2.903187769892444
72,38,0,72,83.68038868904114,-1.769636854781476,-2.360582734318107
73,38,0,73,84.48038220405579,-1.5439024027318884,-1.949218915642393
74,38,0,74,85.44704103469849,-1.5628544515018774,-1.477481380926552
75,38,0,75,86.4470329284668,-1.8307858347075712,-1.0719877441922212
76,38,0,76,87.21369338035583,-2.3135447775030835,-0.9424358796213977
77,38,0,77,88.1581301689148,-2.6538360571065516,-0.4240052672564934
78,38,0,78,89.2358992099762,-3.419918323702049,-0.14600785759801485
79,38,0,79,90.18033599853516,-3.8725970562639236,0.25470763951553266
80,38,0,80,92.38031816482544,-2.6230539826739734,-0.19252270612814523
81,38,0,81,93.11364555358887,-2.221254430825468,-0.1700958828097584
82,38,0,82,94.08030438423157,-1.658160445005349,-0.32539395894026757
83,38,0,83,95.13585138320923,-1.2109714257016648,-0.22364658192600695
84,38,0,84,96.13584327697754,-0.813432963443895,0.035714527723304516
85,38,0,85,96.94694781303406,-0.5504344367076205,0.5464475738920933
86,38,0,86,98.6802670955658,-0.8553124828905603,0.937874522830804
87,38,0,87,99.65803694725037,-0.8878511884549916,1.4861696584553792
88,38,0,88,100.4246973991394,-1.3213697684950072,2.0803129372210925
89,38,0,89,101.60246562957764,-2.0416286709901286,2.871807875870399
90,38,0,90,102.3246819972992,-2.8134446773404966,3.011512121187449
91,38,0,91,103.56911635398865,-3.3748504035633298,2.5101756812661984
92,38,0,92,104.35799884796143,-3.929308192265973,2.117053431773118
93,38,0,93,105.18021440505981,-3.9443521558467647,1.356862955130448
94,38,0,94,106.49131488800049,-3.838932844560357,0.582039153958714
95,38,0,95,107.3801965713501,-4.211855600922274,0.0831209763608741
96,38,0,96,108.36907744407654,-4.487565880732813,-0.38575057419694725
97,38,0,97,110.22461795806885,-4.283761107951286,-0.8094970696768813
98,38,0,98,111.61349558830261,-3.7657510498863265,-0.9566536756076145
99,38,0,99,112.45793318748474,-3.302563417565386,-1.2517846479578374
100,38,0,100,113.35792589187622,-2.7610085339744344,-1.564666835850842
101,38,0,101,114.80235862731934,-2.2639650276998755,-2.0581464897658974
102,38,0,102,115.73568439483643,-1.6137569990941905,-1.8902110540735608
103,38,0,103,116.61345505714417,-0.9275230713354752,-2.056607338858704
104,38,0,104,117.58011388778687,-0.6297550983470406,-2.455482205774816
105,38,0,105,118.51343965530396,-0.14638575810634688,-2.683512939550832
106,38,0,106,119.45787644386292,0.4550498368369801,-2.5075485757898215
107,38,0,107,120.82453203201294,0.8752615183798012,-1.9493158036576892
108,38,0,108,121.83563494682312,0.9567031757680071,-1.2909723755318094
109,38,0,109,122.59118437767029,0.2535533444623899,-1.0495561360077013
110,38,0,110,123.84672975540161,-0.5497537608446431,-1.3428620374999771
111,38,0,111,125.10227513313293,-1.3595986268695035,-1.4857114309755017
112,38,0,112,126.35782051086426,-1.833721326846919,-1.8841443356874437
113,38,0,113,127.14670300483704,-2.4881518837849477,-2.1554680484981423
114,38,0,114,128.25780510902405,-3.095790908456795,-2.0716422045248333
115,38,0,115,129.5355725288391,-3.192815877362497,-2.3221342849347586
116,38,0,116,130.85778403282166,-2.924780911105423,-2.6682420054959035
117,38,0,117,132.19110655784607,-2.2832561491186896,-2.600295190990664
118,38,0,118,133.4022078514099,-1.6692194826806728,-2.7242379907650998
119,38,0,119,134.335533618927,-1.1825196980926311,-2.6497330892012423
120,38,0,120,135.35774755477905,-0.5577539834482074,-2.6366917531649383
121,38,0,121,136.4132945537567,0.002052029997377416,-2.3573629904512043
122,38,0,122,137.55772972106934,0.17590954724087776,-1.7487254220267512
123,38,0,123,138.1243917942047,0.12786255799590615,-1.3518353711350573
124,38,0,124,138.62438774108887,0.10957995859564398,-1.123548964668263
125,38,0,125,140.07993149757385,-0.1976087103691421,-0.8295370324913883
126,38,0,126,140.59103846549988,-0.5255578150280042,-0.3073465706848468
127,38,0,127,141.8465838432312,-1.0462390078698314,0.20133973144577713
128,38,0,128,142.7799096107483,-1.7979980716732975,0.2505263690089492
129,38,0,129,144.06878805160522,-2.6705598011136225,0.32002929751502024
130,38,0,130,145.3021113872528,-2.975682207400203,0.8842954403183
131,38,0,131,146.50210165977478,-3.0662729823677024,1.7510651116368634
132,38,0,132,147.52431559562683,-2.6832041749617757,2.257543788838099
133,38,0,133,148.535418510437,-2.0116808486168756,2.408138782085733
134,38,0,134,149.47985529899597,-1.5755899443493868,2.736573099056047
135,38,0,135,151.3242847919464,-1.0769449744872572,2.8705485996983646
136,38,0,136,152.26872158050537,-0.6870677378530112,2.435407188190152
137,38,0,137,153.13538122177124,-0.5286584321700072,1.7785536004793423
138,38,0,138,154.23537230491638,-0.9655106610456725,1.0470320558642152
139,38,0,139,155.54647278785706,-1.1011329489661859,0.208278460665893
140,38,0,140,156.43535447120667,-1.6671886373785334,-0.30747579196080865
141,38,0,141,157.44645738601685,-1.8203736014158265,-0.7750960339633951
142,38,0,142,158.67978072166443,-2.1158690537975753,-1.2896253506072621
143,38,0,143,159.74643874168396,-2.1577761560684743,-1.8858909819200496
144,38,0,144,161.19087147712708,-1.801811384945529,-2.2637665893585006
145,38,0,145,161.8130886554718,-1.7552840168976382,-2.6334357445271945
146,38,0,146,162.54641604423523,-2.3956612869070604,-2.9664406077749508
147,38,0,147,163.5241858959198,-2.4799701677263934,-3.2568525569602285
148,38,0,148,164.24640226364136,-1.9298939014012186,-3.376677225933146
149,38,0,149,165.24639415740967,-1.4585552897063945,-3.72607509503663
150,38,0,150,166.14638686180115,-1.455377726233684,-4.213165325595261
151,38,0,151,167.37971019744873,-1.1101977417400377,-4.5622326106526465
152,38,0,152,168.2797029018402,-0.42410459453362415,-4.439914789491947
153,38,0,153,169.2463617324829,0.2335734544612737,-4.543889583682884
154,38,0,154,169.924134016037,0.6872312943466349,-4.175952282561776
155,38,0,155,170.85745978355408,1.0030960565671312,-3.6392162942506903
156,38,0,156,171.79078555107117,1.411409019837325,-3.1483332459862696
157,38,0,157,172.67966723442078,1.5096271550745513,-2.598435965441051
158,38,0,158,173.64632606506348,1.1987010246356613,-1.9401962281122596
159,38,0,159,174.40187549591064,0.5509198535774302,-1.641271124733789
160,38,0,160,175.51297760009766,0.007149982595525803,-1.3094902338480878
161,38,0,161,176.55741357803345,-0.562970108018877,-1.271465851470738
162,38,0,162,177.21296381950378,-0.8771593586876089,-1.104418990476136
163,38,0,163,178.59073042869568,-1.3946193111837777,-1.3056104235660708
164,38,0,164,179.590722322464,-2.0859055544668257,-1.315684324638734
165,38,0,165,180.7796015739441,-2.5943147450659305,-1.4426521939304333
166,38,0,166,181.61292815208435,-3.207430901306993,-1.5450380750958472
167,38,0,167,183.31291437149048,-3.4064162714465924,-1.902622045686931
168,38,0,168,184.51290464401245,-3.167261918176152,-2.379698466773456
169,38,0,169,185.92400431632996,-2.7756862948725023,-2.845621812699134
170,38,0,170,186.84621906280518,-2.543700053207065,-3.031153839686646
171,38,0,171,188.12398648262024,-2.299739395010349,-3.513268247714919
172,38,0,172,188.94620203971863,-1.9251779839942902,-3.813044237728532
173,38,0,173,190.35730171203613,-1.4802336743876077,-3.4754582107434784
174,38,0,174,191.49062585830688,-0.8390818678136547,-2.914623209570116
175,38,0,175,192.5239508152008,-0.7279280550621425,-2.571395965904401
176,38,0,176,193.2350561618805,-0.7152407837012076,-2.453243074609748
177,38,0,177,194.25727009773254,-1.1151679822984113,-2.5128256802989744
178,38,0,178,195.26837301254272,-1.715022580634292,-2.7177062810137027
179,38,0,179,196.26836490631104,-2.378320345530265,-2.6325483847024205
180,38,0,180,197.468355178833,-2.8251104885816654,-2.8132490074782943
181,38,0,181,198.2905707359314,-2.868210102953755,-3.2736998968482554
182,38,0,182,199.4794499874115,-2.7412995116589585,-3.7602727122460946
183,38,0,183,200.39055371284485,-2.50787938462706,-4.211968859064608
184,38,0,184,203.4238624572754,-1.5621164861250825,-4.5199183299611345
185,38,0,185,203.99052453041077,-1.9028947343659854,-4.109050104097298
186,38,0,186,204.96829438209534,-1.8234728353913603,-3.3743145355023065
187,38,0,187,206.15717363357544,-1.6790901197364647,-2.658987385976028
188,38,0,188,207.2127206325531,-1.2861701290867626,-2.1278122183266226
189,38,0,189,208.65715336799622,-0.8019860483862826,-2.0898906813185945
190,38,0,190,209.53492403030396,-0.3345830737067601,-2.0085333143704673
191,38,0,191,210.56824898719788,0.04433251040800968,-1.5941482079851095
192,38,0,192,211.84601640701294,-0.004033509787093733,-0.9445374143174641
193,38,0,193,213.00156259536743,-0.6087993806512806,-0.6191630616411739
194,38,0,194,214.17933082580566,-1.3726764414423096,-0.12051704435352649
195,38,0,195,214.834881067276,-2.1510920274167273,0.12760142358072396
196,38,0,196,216.97930812835693,-2.4029781842427975,0.5920933062925178
197,38,0,197,218.05707716941833,-2.7045070756734026,1.1411564202088482
198,38,0,198,219.04595804214478,-3.296905261407101,1.3341485125262915
199,38,0,199,220.14594912528992,-3.8097417772182087,1.1707939428787504
200,38,0,200,221.51260471343994,-4.03643319153835,0.7754258130754473
201,38,0,201,222.790372133255,-4.0181430446933035,0.25421693225589204
202,38,0,202,224.21258282661438,-4.122038348357794,-0.18053191481449676
203,38,0,203,226.2458996772766,-4.263907474707851,-0.5631443626878821
204,38,0,204,226.75700664520264,-4.059747272366068,-0.7406459126717414
205,38,0,205,227.97921895980835,-3.592556143907393,-0.6339258523703137
206,38,0,206,228.91254472732544,-3.4327632222621673,-0.0942595459763657
207,38,0,207,229.61253905296326,-3.569776037691689,0.24660924783634836
208,38,0,208,230.50142073631287,-4.247515713801894,0.4966135614137649
209,38,0,209,231.05697178840637,-4.27024888526778,0.93360508987775
210,38,0,210,232.99028944969177,-3.83370273631805,1.341230133864869
211,38,0,211,234.23472380638123,-3.265325374205889,1.1173296364292187
212,38,0,212,235.09027242660522,-2.6387573509469995,1.0856697121761187
213,38,0,213,236.1791524887085,-1.7903203245047765,0.8778292412978306
214,38,0,214,237.12358927726746,-1.0624070566803892,1.0424197573427967
215,38,0,215,238.20135831832886,-0.7837468236358252,1.6168290805491559
216,38,0,216,239.43468165397644,-0.050840829435539886,2.3046126383173218
217,38,0,217,240.75689315795898,0.33756368768645095,3.0431881674479344
218,38,0,218,241.54577565193176,-0.02557217072483154,3.349482007346034
219,38,0,219,242.70132184028625,-0.5067321923228512,3.316405750349551
220,38,0,220,243.82353496551514,-0.888105201536866,3.5474045284142264
221,38,0,221,244.55686235427856,-1.4337043761889883,3.5536029161222684
222,38,0,222,245.66796445846558,-2.110232922832441,3.663569286393814
223,38,0,223,246.44573593139648,-2.546632889324491,3.4395620349521074
224,38,0,224,247.42350578308105,-3.1291901269268467,3.2079323960369672
225,38,0,225,248.26794338226318,-3.372757354675426,2.7546202534321784
226,38,0,226,249.57904386520386,-3.530228002898547,1.9046578583588616
227,38,0,227,250.66792392730713,-3.994089251679429,1.3440310171708485
228,38,0,228,251.66791582107544,-4.289394269986555,0.911335450262616
229,38,0,229,252.56790852546692,-4.149537034659986,0.3623532597656826
230,38,0,230,254.26789474487305,-3.8278466334856427,0.01778651474261094
231,38,0,231,255.27899765968323,-3.544978637724239,-0.4131711163887652
232,38,0,232,256.0234360694885,-3.0569199928322,-0.6270625249689963
233,38,0,233,256.67898631095886,-2.467442056171728,-1.1140451671340057
234,38,0,234,257.80119943618774,-2.1610465450299916,-1.7697838771741758
235,38,0,235,259.2011880874634,-1.8538476698818043,-2.1913884062543127
236,38,0,236,260.13451385498047,-1.6494963238545128,-2.5820151916052794
237,38,0,237,260.89006328582764,-1.9535456378614913,-2.9428117521918398
238,38,0,238,261.7678339481354,-2.1688299905912984,-3.418088602030497
239,38,0,239,262.8011589050293,-2.4837329937091983,-3.598208564408491
240,38,0,240,263.7011516094208,-2.848428704303233,-3.0886507931316616
241,38,0,241,264.5567002296448,-2.976278344736282,-2.364142241626152
242,38,0,242,266.3789076805115,-3.0016952923775047,-1.9587835633422745
243,38,0,243,267.61223101615906,-3.2996823784626703,-1.6076630786695634
244,38,0,244,268.35666942596436,-3.2049461574290663,-0.7875763422714266
245,38,0,245,269.4233274459839,-3.2331415900405065,-0.037413310053087796
246,38,0,246,270.3122091293335,-3.680483809569667,0.31385116183140827
247,38,0,247,271.3455340862274,-3.7910652692566016,0.734012301407791
248,38,0,248,272.3121929168701,-4.019911766945412,1.1966033678526475
249,38,0,249,273.01218724250793,-3.921095913611714,1.5982608884939806
250,38,0,250,273.82329177856445,-3.3001042271523944,1.9664496975963761
251,38,0,251,274.94550490379333,-2.7846872905051834,2.3838096847729386
252,38,0,252,275.8788306713104,-2.452362144803468,2.884904240381201
253,38,0,253,276.856600522995,-1.8546581809961638,2.5082265869082567
254,38,0,254,278.16770100593567,-1.1448191130415308,2.1677872710647064
255,38,0,255,279.14547085762024,-0.7087543797668537,2.244712004580952
256,38,0,256,280.0454635620117,-0.0901327520289463,2.0711612163242212
257,38,0,257,281.0121223926544,0.40537698118422083,2.313380282104655
258,38,0,258,282.3676669597626,0.5181031805521952,2.8514542364965845
259,38,0,259,283.2121045589447,0.18379774314853164,3.1903148434494493
260,38,0,260,284.38987278938293,0.038475099231002736,3.6851160256727566
261,38,0,261,285.24542140960693,-0.25220727683905864,3.9344314202531963
262,38,0,262,286.3009684085846,-0.4511305701728854,4.2666761112240525
263,38,0,263,287.05651783943176,-0.7844372342726469,4.206787146162126
264,38,0,264,289.0787236690521,-0.9495776116539614,3.874975431012387
265,38,0,265,290.3453800678253,-1.1411216368629495,3.417089132641479
266,38,0,266,291.1787066459656,-1.1471013908538847,2.87090423679104
267,38,0,267,292.4675850868225,-1.4477380650504932,2.0163453053336013
268,38,0,268,293.48979902267456,-1.3071334732390711,1.3469545898880564
269,38,0,269,294.75645542144775,-1.0718960920366416,0.719243475181991
270,38,0,270,295.5675599575043,-0.7109478388162908,0.45132825961241324
271,38,0,271,296.50088572502136,-0.30330330261157046,0.45583158907116494
272,38,0,272,297.5675437450409,-0.06372419663894816,0.23239519283806945
273,38,0,273,298.6897568702698,0.04482085391698082,-0.5684228852943811
274,38,0,274,299.6897487640381,-0.23636846828800717,-1.10212750093902
275,38,0,275,300.6230745315552,-0.5079129017111991,-1.566777821640136
276,38,0,276,301.6563994884491,-0.7900748149745775,-2.061653579167468
277,38,0,277,302.7230575084686,-0.819798636328616,-2.5781399255527795
278,38,0,278,303.8786036968231,-0.9769550729780296,-2.976115405768788
279,38,0,279,305.000816822052,-1.4156081258324478,-3.257840903354543
280,38,0,280,305.83414340019226,-1.622334252768099,-3.5813481365904645
281,38,0,281,307.9341263771057,-1.9444738755835886,-3.7216190699758096
282,38,0,282,308.85634112358093,-2.032861257347478,-3.187749801878408
283,38,0,283,310.0674424171448,-1.2229171336059395,-2.3767351305919115
284,38,0,284,311.53409719467163,-0.34868006837204196,-2.0792838415154007
285,38,0,285,312.5785331726074,-0.14575723096475113,-2.3918050688586368
286,38,0,286,313.5896360874176,-0.0384669894556303,-2.6694375362494944
287,38,0,287,315.02295780181885,0.3590669254653002,-3.124944094522858
288,38,0,288,316.1896150112152,0.8933772008795183,-2.9450444665675044
289,38,0,289,317.3118281364441,1.3382459069291766,-3.0503121703836853
290,38,0,290,319.14514660835266,0.351032613032938,-2.713540573795926
291,38,0,291,320.41180300712585,0.49771662830625973,-1.9853284017446922
292,38,0,292,321.41179490089417,0.4812456252049231,-1.5153489461803338
293,38,0,293,323.02289295196533,0.27975130051997077,-1.0682461460869912
294,38,0,294,323.8562195301056,-0.07128406905116509,-0.8316388863796843
295,38,0,295,325.2228751182556,-0.3973850065086154,-0.4384254322988732
296,38,0,296,326.4450874328613,-0.9639815950288116,-0.08809324466814718
297,38,0,297,327.6784107685089,-1.5992085340750597,-0.18143785178169308
298,38,0,298,328.96728920936584,-2.185877197069561,-0.18412573687564976
299,38,0,299,329.9117259979248,-2.6482468254438905,-0.26432441973279924
300,38,0,300,331.4006028175354,-3.165597941681931,-0.20308891163866344
301,38,0,301,333.27836537361145,-3.790674973222205,-0.11020543546799014
302,38,0,302,334.4228005409241,-4.006606503904634,0.08702579181537615
303,38,0,303,335.2339050769806,-3.9857529857085834,0.47363690990619406
304,38,0,304,337.18944478034973,-3.6982062997319316,0.9211099310419664
305,38,0,305,338.88943099975586,-3.1217835339743187,1.0036864697814
306,38,0,306,340.04497718811035,-2.4891504948255974,1.0842006395909145
307,38,0,307,341.20052337646484,-1.8070255177062853,0.8426568842996891
308,38,0,308,342.30051445961,-1.2350406248601815,1.0025434125006865
309,38,0,309,343.20050716400146,-0.6611616063986432,1.168025308316241
310,38,0,310,344.9449374675751,-0.2109260764595574,1.4064590384660627
311,38,0,311,345.8004860877991,-0.00969055530415712,1.8081382065148603
312,38,0,312,347.96713519096375,0.44732579181572435,2.042571405399885
313,38,0,313,348.74490666389465,0.7248432723832394,2.263100026683061
314,38,0,314,349.6671214103699,0.8566205982929685,2.8171228813556155
315,38,0,315,350.6337802410126,0.3866053315013503,3.2277354250241856
316,38,0,316,351.7671043872833,-0.30455795929552026,3.224960631290678
317,38,0,317,352.98931670188904,-0.737693167513261,3.4022829686366887
318,38,0,318,353.72264409065247,-1.155048874957902,3.4138957666269962
319,38,0,319,355.22263193130493,-1.859409512541656,2.873258041278226
320,38,0,320,355.81151604652405,-1.9849320476975718,2.6125554898973498
321,38,0,321,357.30039286613464,-2.0940111007742512,2.214162508525673
322,38,0,322,357.93372106552124,-2.49489961516886,2.0300725057677833
323,38,0,323,359.2114884853363,-2.7413348055277025,1.6029604688445858
324,38,0,324,360.178147315979,-2.992178758884489,1.1626343764109834
325,38,0,325,361.1781392097473,-3.027121381472826,0.618509560882895
326,38,0,326,362.2225751876831,-3.0572838277807013,-0.008682040168147158
327,38,0,327,363.43367648124695,-3.018192515030467,-0.6791186241495587
328,38,0,328,364.5225565433502,-2.8148076137042266,-1.2971135051073621
329,38,0,329,365.3892161846161,-2.467700465503082,-1.752282621101227
330,38,0,330,366.4558742046356,-2.181276066280137,-1.9588134461034048
331,38,0,331,367.7003085613251,-2.0519357366513944,-2.3902770395685797
332,38,0,332,368.8002996444702,-2.0826524907429644,-2.9166728738150693
333,38,0,333,369.5447380542755,-1.9428162119255932,-3.4380982194299556
334,38,0,334,370.5558409690857,-1.4194132745063155,-3.7902123147658267
335,38,0,335,371.555832862854,-0.9362949984618434,-4.061355704196459
336,38,0,336,371.94471859931946,-0.8315672542085016,-4.235808731622133
337,38,0,337,373.0891537666321,-0.5325773765654012,-4.378928476927406
338,38,0,338,373.9447023868561,-0.14367131737756741,-4.080758800547377
339,38,0,339,374.6002526283264,0.07157426934207016,-3.4940159056215956
340,38,0,340,375.58913350105286,0.41430559304955833,-3.028620510442236
341,38,0,341,376.55579233169556,1.1306539651499974,-2.8431847147259033
342,38,0,342,377.56689524650574,1.529520061088182,-2.425731619022341
343,38,0,343,378.45577692985535,1.3320170806996097,-1.8859149906969903
344,38,0,344,379.23354840278625,0.7785016954385504,-1.5230189991765848
345,38,0,345,380.1779851913452,-0.015518238945945527,-1.4303952533706732
346,38,0,346,381.2335321903229,-0.5984251440005083,-1.104729933740066
347,38,0,347,382.7112979888916,-1.0565487345796896,-0.4904555111714453
348,38,0,348,383.6001796722412,-1.6944870299881756,-0.3580853336606932
349,38,0,349,384.74461483955383,-2.3052492709107963,-0.1502528785378882
350,38,0,350,386.2779357433319,-2.8601474814882106,-0.1419311904332679
351,38,0,351,387.3223717212677,-3.2940756402004094,-0.4433993742182805
352,38,0,352,388.3334746360779,-3.628610090598642,-0.6770538639976487
353,38,0,353,388.90013670921326,-3.7372867866891792,-0.8442764559624121
354,38,0,354,389.75568532943726,-3.9221137544046805,-0.8204418149808401
355,38,0,355,390.889009475708,-4.013189279859748,-0.4355717044424115
356,38,0,356,391.6667809486389,-3.446552023781109,-0.19005412886653278
357,38,0,357,393.02232551574707,-2.644438324515351,-0.10169020164327876
358,38,0,358,394.1556496620178,-2.119055874810244,-0.4803197900298481
359,38,0,359,395.11119747161865,-2.1047631361614245,-1.1436323925308538
360,38,0,360,396.26674365997314,-1.9667434365340715,-1.7390098533839913
361,38,0,361,397.4667339324951,-2.0569755229360425,-2.3120478737584613
362,38,0,362,398.45561480522156,-2.0745547185595927,-2.837877766424732
363,38,0,363,399.68893814086914,-1.7283719782300375,-3.2336611755333475
364,38,0,364,400.95559453964233,-1.191758320756683,-3.3585165555247203
365,38,0,365,402.0555856227875,-0.8239595693188212,-3.598245195304586
366,38,0,366,402.87780117988586,-0.5453388536734423,-3.8118391544002135
367,38,0,367,403.73334980010986,-0.2540146931265158,-4.124203892878759
368,38,0,368,404.52223229408264,-0.2039445800936941,-4.52185159646857
369,38,0,369,405.96666502952576,-0.4417518279735427,-4.564783889603087
370,38,0,370,406.6222152709961,-0.6482864331165409,-4.696922512624376
371,38,0,371,407.5222079753876,-1.016835955399839,-4.863729786767674
372,38,0,372,411.03329062461853,-1.5471952873666093,-4.38297128257156
373,38,0,373,412.03328251838684,-1.1271632997185954,-4.118597451847954
374,38,0,374,413.29993891716003,-0.6858895391357911,-4.25164813280018
375,38,0,375,415.01103615760803,-0.2722455185115714,-4.2924625993265355
376,38,0,376,416.07769417762756,0.13223811416640252,-4.050025955536716
377,38,0,377,417.27768445014954,0.21969942786263988,-3.5333635456895696
378,38,0,378,418.45545268058777,-0.024679878577702274,-3.1114730857977695
379,38,0,379,419.2554461956024,-0.28781326700539184,-2.7223316173872463
380,38,0,380,419.888774394989,-0.32271565602601293,-2.4971101421262754
381,38,0,381,420.43321442604065,-0.33942049061115837,-2.3352593026887885
382,38,0,382,421.4220952987671,-0.2761060416251029,-2.1679674251045893
383,38,0,383,422.0220904350281,-0.5982631646606654,-2.272314468763881
384,38,0,384,422.96652722358704,-1.1038863242002266,-2.07840623318526
385,38,0,385,423.6442995071411,-1.1775879759786885,-1.859077303675308
386,38,0,386,424.3109607696533,-1.349651637497802,-1.6296519775142324
387,38,0,387,425.1442873477936,-1.8844082193501621,-1.3657032870542272
388,38,0,388,426.01094698905945,-2.044929856930272,-0.9468364408036105
389,38,0,389,426.9109396934509,-2.3172201666951375,-0.45045410046799367
390,38,0,390,427.79982137680054,-2.8485332793175955,-0.22383622593718117
391,38,0,391,428.68870306015015,-3.256070716608037,0.13033945948363151
392,38,0,392,429.84424924850464,-3.8367108068480062,0.39678703703380114
393,38,0,393,431.0553505420685,-4.2851433437326065,0.3237040740833251
394,38,0,394,432.1553416252136,-4.310624491564704,-0.08656493340343588
395,38,0,395,433.47755312919617,-4.374712678215309,-0.5484306010864946
396,38,0,396,434.23310256004333,-4.495874502941555,-1.0726657729254176
397,38,0,397,435.4997589588165,-4.351838377250905,-1.5338603415118301
398,38,0,398,436.9664137363434,-3.9569987380329454,-1.849654601600124
399,38,0,399,437.9552946090698,-3.598564793427311,-2.186859515674494
400,38,0,400,438.68862199783325,-3.424832023536501,-2.3575484531106343
401,38,0,401,439.21083998680115,-3.285590499947258,-2.443128235833816
402,38,0,402,439.6330587863922,-3.305057190241568,-2.1062537988845262
403,38,0,403,440.3441641330719,-3.2431253985168293,-1.6451797112045305
404,38,0,404,441.021936416626,-3.484466419500775,-1.4769984166319103
405,38,0,405,442.1997046470642,-3.49846237273025,-1.1365795539185928
406,38,0,406,442.96636509895325,-3.04537784199906,-1.0856659389956533
407,38,0,407,444.1663553714752,-2.454675520298933,-1.2386217098538181
408,38,0,408,445.210791349411,-1.7870764255239324,-1.0663098534741244
409,38,0,409,446.35522651672363,-0.9632002754190103,-0.9320394417319726
410,38,0,410,447.19966411590576,-0.5531293565289588,-0.5312334209171897
411,38,0,411,448.2552111148834,-0.808842909241275,-0.08150896599519908
412,38,0,412,449.3107581138611,-1.139967863430788,0.48735590788133665
413,38,0,413,450.25519490242004,-1.4109502734107937,0.9285031833680325
414,38,0,414,451.0218553543091,-1.915228885479013,1.1415296977495508
415,38,0,415,452.5773983001709,-2.3745232932393625,1.2253449169972197
416,38,0,416,453.2773926258087,-2.765538461325855,1.033497153101953
417,38,0,417,454.53293800354004,-2.8752984162329076,0.5704910453585252
418,38,0,418,455.4107086658478,-3.0823804767559015,0.25962295132157354
419,38,0,419,456.27736830711365,-3.273071248450436,-0.26222448773497853
420,38,0,420,457.27736020088196,-3.7419659352514882,-0.5840786178550125
421,38,0,421,457.9217994213104,-3.9739233730301913,-0.8404549779317658
422,38,0,422,459.24401092529297,-4.208991397472237,-0.7926907435824617
423,38,0,423,459.9662272930145,-4.285721769928632,-0.4464177877480165
424,38,0,424,462.07732129096985,-3.9731823322542237,-0.09434103477594509
425,38,0,425,462.9439809322357,-3.4453481547873004,-0.12473326966171391
426,38,0,426,463.8328626155853,-2.8322786758405227,0.11775950100419608
427,38,0,427,465.2106292247772,-2.339621992460458,0.5657393575620056
428,38,0,428,467.4772775173187,-1.995039082426713,-1.1966566544295487
429,38,0,429,468.4439363479614,-2.3425108479879837,-1.3754253933994625
430,38,0,430,469.43281722068787,-2.756961494815264,-1.614689638792842
431,38,0,431,470.5661413669586,-2.930155280956595,-2.05154839210586
432,38,0,432,471.6883544921875,-2.898002778282638,-2.5497406374847578
433,38,0,433,472.77723455429077,-3.1505124331197383,-2.5778855303512858
434,38,0,434,474.210556268692,-3.217801526266015,-2.164244565285666
435,38,0,435,475.45499062538147,-2.793754941480537,-1.7213826781027937
436,38,0,436,476.57720375061035,-2.126315488042314,-1.6788054154974033
437,38,0,437,477.5327515602112,-1.6608445350253143,-1.5051888789887762
438,38,0,438,478.743852853775,-1.124371485594662,-1.5197976406270453
439,38,0,439,479.599401473999,-0.9072653866754171,-1.944859293170749
440,38,0,440,480.14384150505066,-0.6829563654664018,-2.1194782216773005
441,38,0,441,480.7327256202698,-0.5528368124599081,-2.4389617196140976
442,38,0,442,482.2771575450897,-0.25659460806673307,-2.8268955971756298
443,38,0,443,483.366037607193,0.06563224480109744,-3.1326033459205034
444,38,0,444,484.38825154304504,0.6342770619047446,-3.1681822142004803
445,38,0,445,485.8993504047394,1.0172594946469944,-2.8203076034288808
446,38,0,446,486.68823289871216,0.8947447060529197,-2.1784024639435158
447,38,0,447,487.76600193977356,0.5971373875286823,-1.7164733046508465
448,38,0,448,488.69932770729065,0.0719171576427501,-1.4098756327939475
449,38,0,449,489.7659857273102,-0.18579631978980454,-1.01701631535261
450,38,0,450,490.7548666000366,-0.5915866880342958,-0.7819820806647358
451,38,0,451,492.31040954589844,-0.7193936682864008,-0.40861126135639514
452,38,0,452,493.19929122924805,-0.9264102260572379,-0.04472921059759555
453,38,0,453,494.13261699676514,-1.344366645992565,0.21809707245349375
454,38,0,454,495.5659387111664,-1.8235815013658019,0.41825913180084706
455,38,0,455,496.6770408153534,-2.1007377391817883,0.7337562734278451
456,38,0,456,497.7214767932892,-2.5028517072203824,0.9610471982839799
457,38,0,457,498.6881356239319,-2.927631856019019,0.8812319055458346
458,38,0,458,499.66590547561646,-3.229328092035208,0.5121071498010357
459,38,0,459,500.8103406429291,-3.66326328261331,0.17817229024807807
460,38,0,460,501.45477986335754,-3.9272186025145244,0.31090224566809366
461,38,0,461,502.27699542045593,-4.152519196705223,0.47880121523547814
462,38,0,462,503.46587467193604,-4.22916566902699,0.8443086051216332
463,38,0,463,504.95475149154663,-3.9700487802195927,1.1617625289657623
464,38,0,464,505.776967048645,-3.7437277184565314,1.5700572099734769
465,38,0,465,506.7102928161621,-3.2121680344700794,1.43863821612091
466,38,0,466,507.96583819389343,-2.4922419909866136,1.3628242064158846
467,38,0,467,508.8658308982849,-2.2859003414689054,1.69035899106055
468,38,0,468,509.7547125816345,-1.9932471699297245,1.8747909045318463
469,38,0,469,510.63248324394226,-1.6130979775297323,2.2351308493357687
470,38,0,470,511.9213616847992,-1.5640339946472377,2.7545553236403286
471,38,0,471,512.8546874523163,-1.9869235014233937,3.007169337058773
472,38,0,472,513.8769013881683,-2.5014629759074847,2.7848293371878956
473,38,0,473,514.7546720504761,-2.9259672084477764,2.8012889163492316
474,38,0,474,515.7991080284119,-3.2311050026749752,3.101195907775251
475,38,0,475,517.0768754482269,-3.515489116981644,3.1970764962671137
476,38,0,476,517.8879799842834,-3.793151965029229,3.0975240880906987
477,38,0,477,518.7101955413818,-4.034140340318863,2.842459131642253
478,38,0,478,519.6212992668152,-4.374485604141706,2.489734637737358
479,38,0,479,522.1323900222778,-4.498553946156228,1.5590881281724684
480,38,0,480,522.9990496635437,-4.655076662484018,1.0823526524917866
481,38,0,481,523.9657084941864,-4.649579798713706,0.571914583286046
482,38,0,482,525.4323632717133,-4.3953950230189625,0.09802058480799694
483,38,0,483,526.2434678077698,-4.114719514023306,-0.0995113601540501
484,38,0,484,527.0656833648682,-4.110366357202931,-0.3175390019734595
485,38,0,485,527.676789522171,-3.891556941094001,-0.7124795534387673
486,38,0,486,528.5656712055206,-3.7370062285566665,-1.2744435788124182
487,38,0,487,529.4434418678284,-3.4201584750777974,-1.7356506019700495
488,38,0,488,530.0101039409637,-3.1748540718323617,-1.94488521748108
489,38,0,489,530.9434297084808,-2.850654716579972,-2.3263664279487837
490,38,0,490,532.1989750862122,-2.0256431143558027,-2.408362115496022
491,38,0,491,532.9989686012268,-1.5670333129519483,-2.506468096019736
492,38,0,492,533.8322951793671,-1.1132805914340929,-2.589134598980634
493,38,0,493,534.6433997154236,-0.5577123257444976,-2.369676531318763
494,38,0,494,536.0878324508667,-0.07876563912865071,-1.8981707584092167
495,38,0,495,536.8989369869232,0.45444056987587245,-1.6449976864046203
496,38,0,496,538.0100390911102,0.9727540794782167,-1.8548697886635126
497,38,0,497,539.0989191532135,1.4859790321902893,-1.8496590236364951
498,38,0,498,539.7766914367676,1.6958615783131807,-1.9928520608664058
499,38,0,499,540.6766841411591,2.0757236162986805,-1.9667631167635629
500,38,0,500,541.965562582016,2.2514371137871416,-1.575087834732557
501,38,0,501,542.8322222232819,1.8762626434984604,-1.0945326166681193
502,38,0,502,543.587771654129,1.720550349227421,-0.5913444574363914
503,38,0,503,544.2210998535156,1.7402672586585357,-0.34464680345291515
504,38,0,504,545.2322027683258,1.6679683799945892,0.24537153417640675
505,38,0,505,545.7099766731262,1.585023664861954,0.41074232440346703
506,38,0,506,545.9321970939636,1.5850179712650059,0.41901778813523344
507,38,0,507,546.2766387462616,1.8327917589180218,0.7112124179228627
508,38,0,508,547.009966135025,2.114230933644478,1.0206181761522195
509,38,0,509,547.521073102951,2.1296445080804163,1.285883265184768
510,38,0,510,548.1432902812958,1.78019842453404,1.546041112567117
511,38,0,511,548.9210617542267,1.3808880569590598,1.8853492161971226
512,38,0,512,549.6099450588226,0.7932480893144982,1.9834238638000876
513,38,0,513,550.5321598052979,0.14108413680977766,1.8610969002063085
514,38,0,514,551.4432635307312,-0.39428027403854893,1.706351715253347
515,38,0,515,552.6432538032532,-0.948702639791102,1.7488290151297927
516,38,0,516,553.3654701709747,-1.3895319164519497,1.6798584529206857
517,38,0,517,554.365462064743,-1.7909157641979374,2.0220864081775036
518,38,0,518,555.3654539585114,-2.315563426703854,2.3099088114926065
519,38,0,519,556.1987805366516,-2.5333618984839115,2.5658104810730515
520,38,0,520,556.9209969043732,-2.7642011969815328,2.735237713949384
521,38,0,521,557.6432132720947,-2.545439549253658,3.1814509857171513
522,38,0,522,558.6765382289886,-2.140601104373531,3.653281519462539
523,38,0,523,559.5209758281708,-1.4995845599952693,3.63576920236984
524,38,0,524,560.5098567008972,-0.9517983587759355,3.119653594272153
525,38,0,525,561.2431840896606,-0.747160861997175,2.477082375655549
526,38,0,526,562.1987318992615,-0.9827158318593152,1.9177859863871989
527,38,0,527,563.1987237930298,-0.9695209105356685,1.3999371453122382
528,38,0,528,564.2764928340912,-1.0577701416350611,0.936973654202446
529,38,0,529,565.065375328064,-1.0819730363789843,0.44260449545719605
530,38,0,530,565.8875908851624,-1.3308881083191795,-0.046070124513063526
531,38,0,531,566.7875835895538,-1.9074526637995852,-0.2915902841974853
532,38,0,532,567.8764636516571,-2.5357388861027323,-0.2042077587270063
533,38,0,533,569.1320090293884,-2.9841367522012856,-0.45933721183357956
534,38,0,534,570.3875544071198,-3.13049614594979,-1.0111116145771528
535,38,0,535,571.2319920063019,-3.3934434680224075,-1.4597003083626185
536,38,0,536,572.3986492156982,-3.729798524024334,-1.7900451349611455
537,38,0,537,572.8986451625824,-3.7006993336770573,-1.9471413512092888
538,38,0,538,574.7541856765747,-3.3500288660513515,-1.7139816472184866
539,38,0,539,575.8986208438873,-2.721452209447569,-1.5304637109392667
540,38,0,540,577.2541654109955,-2.24845780194819,-1.8366390582781134
541,38,0,541,579.5097026824951,-1.8169037308669442,-2.0327089835115695
542,38,0,542,580.2652521133423,-1.4585257472430109,-1.7437507117018787
543,38,0,543,581.2430219650269,-0.9962770938583734,-1.5440164349655205
544,38,0,544,582.8207869529724,-0.6573846988653342,-1.181431812027208
545,38,0,545,583.6430025100708,-0.6307212476054145,-0.7067315424515086
546,38,0,546,584.5207731723785,-0.8632777543580034,-0.2509405680729444
547,38,0,547,585.5207650661469,-0.7900168733214827,0.3371471006256207
548,38,0,548,585.8874287605286,-0.4915591146692534,0.34493909038981796
549,38,0,549,587.0874190330505,-0.15860534705219442,0.11901099950598439
550,38,0,550,588.0429668426514,-0.1444551277684498,-0.12814695314919172
551,38,0,551,588.5651848316193,-0.058257890373594606,-0.14416631636224803
552,38,0,552,590.0096175670624,0.11574706727176298,-0.025299685780339348
553,38,0,553,590.7429449558258,0.03618899777536723,0.1269307195222197
554,38,0,554,591.4651613235474,0.1559692766385709,0.4531771004945381
555,38,0,555,592.3651540279388,0.35393750992218476,0.8047354446838436
556,38,0,556,593.1873695850372,0.27839216392559996,1.0788060228804333
557,38,0,557,594.0318071842194,-0.1330743304060694,1.2503942802150148
558,38,0,558,594.9095778465271,-0.5936440647694343,1.5783300634117334
559,38,0,559,595.8540146350861,-0.7638103761015328,2.1156706471362234
560,38,0,560,596.7095632553101,-1.2739937600836067,2.478145873989316
561,38,0,561,597.7206661701202,-1.7966973787935114,2.7571586769027694
562,38,0,562,598.6095478534698,-2.164660730100257,3.155706101099163
563,38,0,563,599.62065076828,-2.5348360206212113,3.4601391248167137
564,38,1,0,0.17280030250549316,0.7205713462598689,-4.553637773709492
565,38,1,1,1.383901596069336,0.7729348402990572,-3.9587593398320555
566,38,1,2,2.1172289848327637,0.5240408511525451,-3.3540605657531026
567,38,1,3,3.7283270359039307,0.20455277121840845,-2.9814632881855685
568,38,1,4,4.339433193206787,0.13397176023395024,-2.551805099884537
569,38,1,5,5.306092023849487,0.06278808624216867,-1.8938405984239413
570,38,1,6,6.017197370529175,-0.09728534494042236,-1.307235055166842
571,38,1,7,6.861634969711304,-0.06173743166680917,-0.660284978425275
572,38,1,8,7.572740316390991,0.620408596283277,-0.19227476051795883
573,38,1,9,8.206068515777588,0.9552788395773422,0.7530661601412416
574,38,1,10,8.928284883499146,1.8010767521528503,1.2608910938614253
575,38,1,11,9.961609840393066,2.7303290575377033,0.926003588495435
576,38,1,12,10.839380502700806,3.5248278901299304,0.6479461297769759
577,38,1,13,12.19492506980896,4.064246404859484,0.264959933983558
578,38,1,14,13.006029605865479,4.566839526747197,-0.05264701403320367
579,38,1,15,13.517136573791504,4.460745690508546,-1.0085459335236817
580,38,1,16,14.339352130889893,4.4092151385313825,-1.7818810592840153
581,38,1,17,15.07267951965332,4.202897000698071,-2.3770347885108674
582,38,1,18,15.883784055709839,3.6863925284263126,-2.307545096929199
583,38,1,19,16.572667360305786,3.07391973437071,-2.0426361489361957
584,38,1,20,17.505993127822876,2.7028157788623686,-1.6729319257185122
585,38,1,21,18.205987453460693,2.3963721672833955,-1.0356065377764816
586,38,1,22,19.083758115768433,2.28356334559977,-0.2813484806818044
587,38,1,23,20.272637367248535,2.0503635952921084,0.5902849109903157
588,38,1,24,21.261518239974976,1.645798957957573,1.2405480648289762
589,38,1,25,21.79484724998474,1.5037917907779357,2.119428106983987
590,38,1,26,22.894838333129883,1.5980239334967383,3.0456121908646048
591,38,1,27,23.57261061668396,2.1020938334171593,3.5725171546297982
592,38,1,28,24.217049837112427,1.9913320547683802,4.389793482329623
593,38,1,29,27.28369164466858,0.12968390634344146,4.737476251432779
594,38,1,30,27.805909633636475,0.015716502980474174,4.866838998268936
595,38,1,31,28.41701579093933,-0.18838125860301014,5.006454897858476
596,38,1,32,37.68360733985901,-4.176498849158596,2.1143032890092432
597,38,1,33,38.59471106529236,-4.128377713347058,1.3448554787988982
598,38,1,34,39.294705390930176,-4.146009973214168,0.5680272569893432
599,38,1,35,40.60580587387085,-4.337228893677896,0.017312684000565418
600,38,1,36,41.45024347305298,-4.023701604627451,-0.1180395233509449
601,38,1,37,42.43912434577942,-3.6357292352376054,-0.4555805023261087
602,38,1,38,43.039119482040405,-3.3954796388035176,-0.860753605232068
603,38,1,39,44.45021915435791,-3.0064350328101734,-1.4935967350872952
604,38,1,40,45.57243227958679,-2.5024972619622727,-1.9226225642824644
605,38,1,41,46.672423362731934,-2.0362752941994198,-2.650392540270646
606,38,1,42,47.59463810920715,-1.3704084214547563,-3.060356101425995
607,38,1,43,48.47240877151489,-0.8787595671918833,-3.5027993033531484
608,38,1,44,49.21684718132019,-0.6519838885695913,-4.193997134490358
609,38,1,45,49.93906354904175,0.1633885415554287,-4.382697306419439
610,38,1,46,50.550169706344604,0.893752031049956,-4.738575095268933
611,38,1,47,52.28348898887634,2.35861876201867,-4.704329154188493
612,38,1,48,54.8279128074646,1.7697978489456498,-3.8286264540970816
613,38,1,49,55.60568428039551,1.5587994840930477,-2.8626468257041493
614,38,1,50,56.283456563949585,1.6034220535247035,-1.963119316905275
615,38,1,51,56.85011863708496,1.4854132907677953,-0.9886241726630812
616,38,1,52,57.56122398376465,1.6891498026438807,0.16262690383662515
617,38,1,53,58.41677260398865,2.1330622479058565,0.8399144104827911
618,38,1,54,58.88343548774719,1.988378773770389,1.9328091308904907
619,38,1,55,59.81676125526428,1.4699980043775684,2.9350264417505305
620,38,1,56,60.59453272819519,0.6532014081801358,2.9947264670285807
621,38,1,57,61.150083780288696,0.4664279259190183,3.321659797655653
622,38,1,58,61.927855253219604,0.3200851407606161,3.8204464316868822
623,38,1,59,62.60562753677368,-0.18050356152543026,4.334297682455984
624,38,1,60,63.51673126220703,-0.9838486057830806,4.364863674926761
625,38,1,61,64.40561294555664,-1.7767818301055076,4.284470600814729
626,38,1,62,65.11671829223633,-2.4723344468507724,4.08930751121418
627,38,1,63,65.75004649162292,-2.9578762225256137,3.8083804233546648
628,38,1,64,66.38337469100952,-3.498874132839589,3.1801469099572746
629,38,1,65,67.32781147956848,-3.703232456084642,2.6905874055981567
630,38,1,66,68.07224988937378,-3.915513943752587,2.8737253105680933
631,38,1,67,68.93890953063965,-3.920033237795228,3.1826691883420315
632,38,1,68,70.79445004463196,-3.022205032064754,3.076996028983352
633,38,1,69,71.99444031715393,-2.180303517120891,3.0709326879436833
634,38,1,70,72.67221260070801,-1.9019955526392294,3.5351066712751287
635,38,1,71,73.4944281578064,-1.6135986068704766,4.058162366983842
636,38,1,72,74.1610894203186,-1.9597928479861744,4.149363152810538
637,38,1,73,75.78329849243164,-2.4581304150207295,4.346874633100689
638,38,1,74,81.94991517066956,-1.6168118183561475,4.34737575731032
639,38,1,75,82.64990949630737,-1.897179074387087,3.996242788183099
640,38,1,76,83.30545973777771,-2.245398916627938,3.4328812668076076
641,38,1,77,84.06100916862488,-2.5020494412758953,2.719017967774075
642,38,1,78,84.84989166259766,-2.945847979389599,2.3454640387100145
643,38,1,79,85.54988598823547,-3.3423531218460507,1.5335406981813153
644,38,1,80,86.1721031665802,-3.697867125105545,0.9217509088926528
645,38,1,81,87.29431629180908,-4.010069763908113,0.6910166334120041
646,38,1,82,88.11653184890747,-4.545855066462846,0.29641466767059044
647,38,1,83,88.89430332183838,-4.69805770582119,-0.47925204678834266
648,38,1,84,89.71651887893677,-4.535947031560855,-1.014336222566701
649,38,1,85,90.39429116249084,-4.322975596634824,-1.506053220124193
650,38,1,86,91.1165075302124,-4.07733654427551,-2.031036993195169
651,38,1,87,92.11649942398071,-3.5242555496816874,-2.4180452675122415
652,38,1,88,93.22760152816772,-2.811913700419729,-2.2134257592586453
653,38,1,89,93.9053738117218,-2.257651845515039,-2.4434326729968316
654,38,1,90,94.66092324256897,-2.1713009967347285,-3.1629487409028583
655,38,1,91,95.73869228363037,-1.6877633255191884,-3.639722970492307
656,38,1,92,96.2497992515564,-1.5326944842664325,-4.207601306860072
657,38,1,93,96.8053503036499,-0.8956215528056262,-4.419194704509707
658,38,1,94,97.30534625053406,-0.2241444003001159,-4.42688901060919
659,38,1,95,97.90534138679504,0.4879981494137052,-4.754440514745938
660,38,1,96,98.57200264930725,1.5091956612914155,-4.413202771965989
661,38,1,97,99.44977331161499,2.0821098706413905,-4.394982467983459
662,38,1,98,99.97199130058289,2.3846407521409185,-3.82735507049653
663,38,1,99,100.84976196289062,2.0587843451607437,-3.1670882478447133
664,38,1,100,101.56086730957031,1.371434135785743,-2.527348804025778
665,38,1,101,102.17197346687317,0.8843579268137687,-1.8244816495789893
666,38,1,102,103.00530004501343,0.17806495741920014,-1.3500896424110538
667,38,1,103,104.01640295982361,-0.4161038871247917,-0.9079990404845968
668,38,1,104,104.7275083065033,-0.9792955743183053,-1.0272886399547763
669,38,1,105,105.7275002002716,-1.6053563144527174,-1.1229951407426617
670,38,1,106,107.11637783050537,-2.1027011516673055,-0.9576340872795838
671,38,1,107,108.0719256401062,-2.5399365264407736,-1.168562825593823
672,38,1,108,108.87191915512085,-3.1256034723642907,-1.3435377279571634
673,38,1,109,109.68302369117737,-3.832859847714382,-1.5866820540615283
674,38,1,110,110.59412741661072,-4.017271907632777,-2.045071565692791
675,38,1,111,111.2718997001648,-4.264871797085495,-2.3082047549120936
676,38,1,112,111.86078381538391,-4.085885669756882,-2.7074997856627503
677,38,1,113,112.63855528831482,-3.603843475668953,-2.7767359915533723
678,38,1,114,113.91632270812988,-3.0785753235366906,-2.4512125114099073
679,38,1,115,114.86075949668884,-2.7428739616006403,-1.8191747239612115
680,38,1,116,116.04963874816895,-2.9420615315307237,-1.2426787581567211
681,38,1,117,116.86074328422546,-3.4964826688844584,-1.0215504176173762
682,38,1,118,117.61629271507263,-3.876541463868527,-1.06941366543478
683,38,1,119,118.30517601966858,-4.289932259498275,-1.0269030754833888
684,38,1,120,118.91628217697144,-4.560536270120409,-0.7321317910787463
685,38,1,121,119.59405446052551,-4.823994566567126,-0.239483421916586
686,38,1,122,120.48293614387512,-5.021277568686153,0.2677881890251488
687,38,1,123,137.4827983379364,-0.16176978087192134,4.619436044964949
688,38,1,124,138.3383469581604,0.3004793082448557,4.636277862061986
689,38,1,125,139.09389638900757,0.6416082931928939,4.905694167234497
690,38,1,126,144.70496201515198,0.6587208824145364,4.685914232581377
691,38,1,127,145.5493996143341,0.32820723735168156,4.769896981456073
692,38,1,128,146.13828372955322,-0.05051210457641085,4.596992296779991
693,38,1,129,146.72716784477234,-0.44753620918882464,4.40652519481352
694,38,1,130,147.31605195999146,-0.8964849393198724,4.283480372724782
695,38,1,131,148.10493445396423,-1.2821511066101494,4.282018368723006
696,38,1,132,149.01603817939758,-1.6252581101777566,4.500714232187343
697,38,1,133,149.69381046295166,-1.8189033999348292,4.686899531478453
698,38,1,134,161.21593928337097,-3.269321183507723,3.220526131550424
699,38,1,135,162.1714870929718,-3.166496487671332,2.734760810595205
700,38,1,136,162.86037039756775,-3.2051098573753274,2.0858701462423976
701,38,1,137,163.46036553382874,-3.14980873927641,1.392800188700288
702,38,1,138,164.09369373321533,-3.606488462644969,0.729304818593405
703,38,1,139,164.9270203113556,-4.1655264245138035,0.3093289100947423
704,38,1,140,166.53811836242676,-4.2164706262796265,-0.09888948256081137
705,38,1,141,167.26033473014832,-3.8146613394866176,-0.5816380944980747
706,38,1,142,168.24921560287476,-3.205203763331747,-0.8437336709267966
707,38,1,143,169.14920830726624,-2.6931977399409694,-1.4234089148776508
708,38,1,144,169.80475854873657,-2.344150719350525,-2.1836626112429105
709,38,1,145,170.67141819000244,-2.0152036188381333,-2.963224908204068
710,38,1,146,171.38252353668213,-2.0056260166168896,-3.7450014607591036
711,38,1,147,172.4714035987854,-2.2472538603654995,-4.134040189515202
712,38,1,148,173.11584281921387,-1.9568546312889774,-4.23574162575888
713,38,1,149,173.97139143943787,-1.318706091245326,-4.019512634312909
714,38,1,150,174.80471801757812,-0.6825067543790366,-4.0892643262626285
715,38,1,151,175.68248867988586,0.017276248176523446,-4.10285955419355
716,38,1,152,176.3713719844818,0.5740076222896088,-4.623692432488372
717,38,1,153,176.9713671207428,1.3342688608843614,-4.478796101849751
718,38,1,154,177.77136063575745,2.034111826044494,-4.143827408443377
719,38,1,155,178.97135090827942,2.5197520833412734,-4.18248159970137
720,38,1,156,179.78245544433594,2.7071400385335673,-4.381060824487676
721,38,1,157,183.60464668273926,0.6659652008093324,-4.0373497927217485
722,38,1,158,184.41575121879578,0.1818798443056715,-3.4359739697600524
723,38,1,159,185.29352188110352,-0.09709007093504071,-2.851191770329578
724,38,1,160,186.13795948028564,-0.509359043518315,-2.761456378659047
725,38,1,161,187.14906239509583,-1.0406243182658765,-2.668022264064617
726,38,1,162,187.94905591011047,-1.4028531978146925,-2.835790527986972
727,38,1,163,189.08238005638123,-1.750519755315879,-2.88542370626054
728,38,1,164,190.41570258140564,-2.1737400298613903,-2.7839709435742193
729,38,1,165,192.39346432685852,-2.4352472687849733,-2.82049239985586
730,38,1,166,193.67123174667358,-2.474507847599924,-2.991627467199347
731,38,1,167,194.2934489250183,-2.7114483851945312,-3.096933148018036
732,38,1,168,195.76010370254517,-2.563566399931993,-3.3458155642768665
733,38,1,169,196.61565232276917,-2.6852901489708794,-3.5165445105202657
734,38,1,170,197.63786625862122,-2.505954096027654,-3.595079940971281
735,38,1,171,198.682302236557,-2.2264782772952123,-3.465727057522109
736,38,1,172,199.66007208824158,-2.196945301936769,-3.0163059123781513
737,38,1,173,201.5822787284851,-2.5106617980304646,-2.6643464638936383
738,38,1,174,202.7711579799652,-2.928478867461224,-2.6509724404506922
739,38,1,175,203.815593957901,-3.2114456226248747,-2.828883503535359
740,38,1,176,204.80447483062744,-3.480868126124677,-2.841771234935372
741,38,1,177,206.44890594482422,-3.8488647935311775,-2.7187848462702835
742,38,1,178,207.4600088596344,-3.5736476974991964,-2.916627839788293
743,38,1,179,208.44888973236084,-3.1713618349721044,-3.200248646579893
744,38,1,180,209.18221712112427,-2.6827134107017843,-3.142417195329995
745,38,1,181,210.2155420780182,-2.5663477342905487,-2.5904873115883875
746,38,1,182,211.27108907699585,-2.381724571422558,-2.1102560645333917
747,38,1,183,211.9933054447174,-1.9660425108108397,-2.2109451113169127
748,38,1,184,212.85996508598328,-1.6793224751591262,-2.7229800037909637
749,38,1,185,213.3710720539093,-1.4924809097890637,-3.386587862125833
750,38,1,186,214.04884433746338,-1.4439311239078778,-3.9790878790327655
751,38,1,187,214.83772683143616,-0.9637710205807466,-4.344168546511226
752,38,1,188,215.61549830436707,-0.5943750509277974,-4.769539393266575
753,38,1,189,216.18216037750244,0.26201792412943015,-4.499767693241798
754,38,1,190,216.95993185043335,1.1639702594623078,-4.427293882363841
755,38,1,191,217.60437107086182,2.1245706492617646,-3.9155350111526905
756,38,1,192,218.33769845962524,3.0579986181309784,-3.222950004862018
757,38,1,193,218.99324870109558,3.5100649785747366,-2.173590304325117
758,38,1,194,219.9932405948639,3.761353507558798,-1.4381658498523127
759,38,1,195,220.68212389945984,3.7497857087783695,-0.6526896228176355
760,38,1,196,221.22656393051147,3.5150040528973956,0.06080192767853285
761,38,1,197,221.9265582561493,3.4826712130468547,1.0264041572480462
762,38,1,198,223.47099018096924,3.3790146867476696,2.0301681701943393
763,38,1,199,224.5598702430725,3.0068536649151874,2.669546098745877
764,38,1,200,225.4154188632965,2.266582080944209,2.945700170594093
765,38,1,201,225.9376368522644,1.6289391286684005,3.3414742430263558
766,38,1,202,226.70429730415344,0.8123164006215944,3.2647720869378682
767,38,1,203,227.44873571395874,0.26839494157173505,3.2858759623309943
768,38,1,204,228.37095046043396,-0.2691831679300214,3.3762001151246395
769,38,1,205,229.31538724899292,-0.8290818385899026,3.1966858199568744
770,38,1,206,230.30426812171936,-1.275340960778578,2.772364229556738
771,38,1,207,231.1820387840271,-1.7617837648039227,2.421907194961124
772,38,1,208,233.3375768661499,-2.5999191285177354,2.247737380123026
773,38,1,209,234.29312467575073,-3.1119977343757648,2.2203048458175108
774,38,1,210,235.31533861160278,-3.61410657858809,2.266013561306397
775,38,1,211,236.60421705245972,-3.3148137601915764,2.4005734053539163
776,38,1,212,237.693097114563,-3.325122328571015,2.8070976243165893
777,38,1,213,238.75975513458252,-3.369623999711754,3.121732631463505
778,38,1,214,239.74863600730896,-3.0314042284951945,2.8693722212474997
779,38,1,215,240.72640585899353,-2.571912765563422,2.3594262820340606
780,38,1,216,241.60417652130127,-2.1978536919288687,1.7012665163161351
781,38,1,217,242.43750309944153,-1.7084304858625528,0.9378603822634675
782,38,1,218,243.42638397216797,-1.049710825018832,0.5340372645929995
783,38,1,219,244.4597089290619,-0.49977702854028616,0.23967721757091925
784,38,1,220,245.24859142303467,-0.22464976985397245,-0.3092360773789822
785,38,1,221,246.02636289596558,-0.3848538796067028,-0.9252959158623536
786,38,1,222,246.759690284729,-0.4788791758101542,-1.7004253861385432
787,38,1,223,247.48190665245056,-0.5942739966688857,-2.4629060244268555
788,38,1,224,248.04856872558594,-0.36409808546059663,-3.2693818060650264
789,38,1,225,248.72634100914001,-0.474529520000305,-4.0783295712808565
790,38,1,226,250.00410842895508,-0.2722022311488453,-4.587352093598663
791,38,1,227,250.71521377563477,0.5987584982418143,-4.260405018123734
792,38,1,228,251.54854035377502,1.4038632197316239,-3.9171388945141317
793,38,1,229,252.68186450004578,2.21504551751441,-3.468877689537529
794,38,1,230,253.37074780464172,2.7008894856849768,-2.6156172510035436
795,38,1,231,254.09296417236328,3.195495886278806,-1.9030420499081377
796,38,1,232,254.80406951904297,3.237014757958067,-1.0131017283269907
797,38,1,233,255.71517324447632,3.366641331293067,-0.2698233980261826
798,38,1,234,257.1262729167938,3.5020213885694136,0.6680968580598501
799,38,1,235,257.9151554107666,3.3071288382430106,1.3961821592522226
800,38,1,236,258.55959463119507,2.8300161735764404,1.8200181310441568
801,38,1,237,259.2262558937073,2.026432766817392,1.9952148518389397
802,38,1,238,260.0706934928894,1.5239335949457815,2.383682575201481
803,38,1,239,260.8151319026947,0.9330423915580346,2.87167743765051
804,38,1,240,262.0151221752167,0.6643137429934354,3.3550042273762153
805,38,1,241,262.6373393535614,0.18870426783284655,3.463703594610888
806,38,1,242,263.6373312473297,-0.4506619268343761,3.4364733268060963
807,38,1,243,264.6817672252655,-0.9061336125625404,3.432384882303676
808,38,1,244,265.89286851882935,-1.2069115678772036,3.276945657469358
809,38,1,245,266.71508407592773,-1.4891565586885849,3.1568105715359267
810,38,1,246,267.93729639053345,-1.6562906370829418,2.7877867476733207
811,38,1,247,268.7261788845062,-1.9720649069709735,2.5216482694991758
812,38,1,248,269.9595022201538,-2.243624233679594,2.2242511390572206
813,38,1,249,270.8261618614197,-2.264801459335146,1.7620562611526318
814,38,1,250,271.5594892501831,-2.0693474878462634,1.19785089874158
815,38,1,251,272.7039244174957,-1.813441018199827,0.46715487967217667
816,38,1,252,273.5594730377197,-1.9907398442519675,-0.08715739249773784
817,38,1,253,274.8261294364929,-1.859197599789229,-0.5118245587921434
818,38,1,254,275.81501030921936,-1.5961641403845603,-1.0403944128526934
819,38,1,255,276.4705605506897,-1.6781063957301845,-1.8114566676418216
820,38,1,256,277.5927736759186,-1.382259398707097,-2.430236058204076
821,38,1,257,278.82609701156616,-0.6941836823393627,-2.4619321913380214
822,38,1,258,279.8594219684601,-0.23787607694476576,-2.1385415347645615
823,38,1,259,280.80385875701904,-0.31162720736801525,-1.7509497710751922
824,38,1,260,282.259402513504,-0.4119631362403406,-0.9394712845401034
825,38,1,261,282.92606377601624,-0.5593526005026648,-0.4527903312899417
826,38,1,262,284.00383281707764,-0.8526890948823829,0.0021367920123220143
827,38,1,263,284.9371585845947,-0.8526729749994686,0.5260552789307548
828,38,1,264,285.9149284362793,-1.1160680361041564,0.9527136338354443
829,38,1,265,287.04825258255005,-1.4751943502214948,1.1616202111113356
830,38,1,266,287.9593563079834,-1.7685770157194296,1.4487774312407524
831,38,1,267,288.9260151386261,-2.1645656522728376,1.461053419059855
832,38,1,268,290.0371172428131,-2.603369908480558,1.5545527549106686
833,38,1,269,291.1259973049164,-2.9245301574435234,1.3072965375353252
834,38,1,270,291.99265694618225,-3.322439510145412,1.2493082969543319
835,38,1,271,293.22598028182983,-3.2461569932716237,1.0253688262733411
836,38,1,272,294.63707995414734,-2.747755307238933,0.6113407005925147
837,38,1,273,295.63707184791565,-2.2623504072444343,0.22587881825351713
838,38,1,274,296.33706617355347,-1.8234259133911153,-0.22331829913129647
839,38,1,275,297.2148368358612,-1.019035728935751,-0.5906202474557092
840,38,1,276,298.17038464546204,-0.44604901426579074,-1.1567236710335542
841,38,1,277,298.8926010131836,-0.5649377853417866,-1.8406654138142908
842,38,1,278,299.43704104423523,-0.3201942879544599,-2.185643220544732
843,38,1,279,300.3703668117523,-0.1798837081993222,-2.5896297254763176
844,38,1,280,301.07036113739014,-0.249335663879971,-3.029890938277444
845,38,1,281,301.95924282073975,-0.41387585597414756,-3.5452215160268614
846,38,1,282,302.9814567565918,-0.7426319905452805,-3.932490316310284
847,38,1,283,303.8814494609833,-1.0184395105250357,-4.312294978263209
848,38,1,284,304.82588624954224,-1.4070012131773024,-4.515819227481513
849,38,1,285,305.78143405914307,-1.2892563272010706,-4.1038084540411965
850,38,1,286,306.8814251422882,-0.9192568052424392,-3.550499181145236
851,38,1,287,307.82586193084717,-0.3885754061240622,-3.434527158334763
852,38,1,288,308.6036334037781,0.14033176595676294,-3.4468571614124888
853,38,1,289,309.381404876709,0.7290837006475858,-3.6307374261863146
854,38,1,290,310.0925102233887,1.1726976853755355,-3.3773386076143113
855,38,1,291,311.14805722236633,1.3499913927111153,-2.8111332019611566
856,38,1,292,312.0924940109253,1.6671538476108185,-2.302614602416248
857,38,1,293,313.9591455459595,1.729043000038493,-1.8904326596348962
858,38,1,294,314.78136110305786,1.4832208306354775,-1.569619364074713
859,38,1,295,315.5924656391144,1.428333099852193,-1.1702377100230932
860,38,1,296,316.392459154129,1.3052798803705015,-0.727672876977858
861,38,1,297,317.2146747112274,0.9983915591756082,-0.40630365819293995
862,38,1,298,318.1480004787445,0.8433867600830223,-0.021075533701708386
863,38,1,299,319.2257695198059,0.534702161436651,0.2158332749022518
864,38,1,300,320.0368740558624,0.23012137540097166,0.5377031154945624
865,38,1,301,321.0924210548401,0.08413560614785125,0.9333304000574463
866,38,1,302,322.0924129486084,-0.28816045130907747,1.2114019235774691
867,38,1,303,322.9368505477905,-0.7652900435113534,1.2587054058479936
868,38,1,304,323.9035093784332,-1.1723555586740269,1.1295298061709975
869,38,1,305,324.5812816619873,-1.5768803519929742,1.1186911637639865
870,38,1,306,325.54794049263,-1.9507670776192563,0.9736501870825968
871,38,1,307,326.403489112854,-2.3271472390263583,0.9910512630687958
872,38,1,308,327.603479385376,-2.7135306505184493,0.8836626844007037
873,38,1,309,328.4923610687256,-3.073131642944599,0.9543672137679226
874,38,1,310,329.39235377311707,-3.396343555598059,1.1681186512804276
875,38,1,311,331.6923351287842,-3.6190384360810577,1.1055962802310026
876,38,1,312,332.7701041698456,-3.955719617229921,1.1536351050584033
877,38,1,313,333.4256544113159,-4.015103737398556,1.2476344657366272
878,38,1,314,334.49231243133545,-4.083693188747123,1.5701643022352154
879,38,1,315,335.1145296096802,-3.7975538102245707,1.3628220622777696
880,38,1,316,336.15896558761597,-3.2160243033025053,1.2331201486150838
881,38,1,317,336.87007093429565,-2.6735771398075308,1.369665355274572
882,38,1,318,337.8922848701477,-1.923555297299654,1.3714147852277845
883,38,1,319,338.9033877849579,-1.3059006500769637,1.1534983898538964
884,38,1,320,339.51449394226074,-0.7828385009244772,1.346597516998321
885,38,1,321,340.40337562561035,-0.17004126564305613,1.3715332586681503
886,38,1,322,341.5366997718811,0.3550003048497705,1.001725291535542
887,38,1,323,342.65891289711,0.9156222515902065,1.07392422701185
888,38,1,324,343.57001662254333,1.4424233209358786,0.847891250133991
889,38,1,325,344.49223136901855,1.9188763492146377,0.18961181996768894
890,38,1,326,345.34777998924255,2.5542455597304077,0.013632722276629247
891,38,1,327,346.1033294200897,3.0528670907071587,-0.24206395496620534
892,38,1,328,346.83665680885315,3.341661052953587,-0.8983877616192272
893,38,1,329,347.73664951324463,3.35520466582071,-1.4785073131159792
894,38,1,330,348.6366422176361,3.5196972393261845,-1.7980349768260324
895,38,1,331,349.95885372161865,2.8102792604202227,-1.1539287940304828
896,38,1,332,351.19217705726624,2.4148498266470746,-0.45769617773104154
897,38,1,333,351.82550525665283,1.754685868346753,-0.0572667152119376
898,38,1,334,352.4255003929138,1.1132232792992665,0.6344625926086903
899,38,1,335,353.4032702445984,0.8639346699387613,1.3535394310899984
900,38,1,336,354.5588164329529,0.5292505905842271,1.9112318071615042
901,38,1,337,355.2921438217163,0.24497729727766948,2.4941311353936158
902,38,1,338,356.54768919944763,0.26723566080178596,3.0108999042198876
903,38,1,339,357.42545986175537,0.0335012142493813,3.4010360243172144
904,38,1,340,358.22545337677,-0.10489088972494896,3.882359082604955
905,38,1,341,359.1587791442871,-0.41843455969692833,4.2065375943850265
906,38,1,342,360.40321350097656,-0.9550680360852374,4.1687610051517305
907,38,1,343,361.22542905807495,-1.429344717305502,4.083898735157725
908,38,1,344,362.23653197288513,-1.574096836340611,3.597329371622945
909,38,1,345,362.9587483406067,-1.4785370820429098,3.2857633898900414
910,38,1,346,363.71429777145386,-1.4359454064318782,3.1603114982533382
911,38,1,347,364.20318269729614,-1.7067404224114127,3.1655026812435523
912,38,1,348,365.0365092754364,-2.0140164197409787,2.842471133696393
913,38,1,349,366.1587224006653,-2.4837216831185844,2.4586864801655413
914,38,1,350,367.16982531547546,-2.7790283217999265,1.9799684689562072
915,38,1,351,368.1253731250763,-2.3944087757552683,1.6845335980317122
916,38,1,352,368.95869970321655,-1.6839265874493727,1.7426658541951523
917,38,1,353,369.89202547073364,-1.1600565499364925,2.173309032137009
918,38,1,354,370.5697977542877,-1.138670040060928,2.372388474889818
919,38,1,355,371.22534799575806,-0.9947535536366873,2.612481829680451
920,38,1,356,372.34756112098694,-0.7078773809957468,2.5277610847558174
921,38,1,357,373.71421670913696,-0.27517976925721876,2.2296021491042994
922,38,1,358,374.6253204345703,0.053038402036741934,1.7125202719511607
923,38,1,359,375.3697588443756,0.5697546037938699,1.2700382009141675
924,38,1,360,376.28086256980896,1.011880037170183,0.6299600745117828
925,38,1,361,377.43640875816345,1.6054266937694133,-0.06553578063162391
926,38,1,362,378.13640308380127,2.1064211355446667,-0.7313354469023516
927,38,1,363,378.88084149360657,2.1674135824616574,-1.4422375343476719
928,38,1,364,380.14749789237976,2.014426715269064,-1.9527056416201898
929,38,1,365,380.725270986557,1.618580684545317,-2.038779464065773
930,38,1,366,381.44748735427856,1.0230736476086681,-1.8198448054440854
931,38,1,367,382.26970291137695,0.3218685529789628,-1.7876160833483168
932,38,1,368,383.09191846847534,-0.2659905683952475,-1.7837068108920264
933,38,1,369,383.9252450466156,-0.7539917139300497,-2.0335236578980043
934,38,1,370,384.91412591934204,-1.2790530742127524,-2.244096868042324
935,38,1,371,385.83634066581726,-1.864286003364791,-2.236263393875151
936,38,1,372,386.99188685417175,-1.9074388550717178,-2.4197285107103914
937,38,1,373,388.1585440635681,-1.6527831784509714,-2.8208695007320435
938,38,1,374,388.9029824733734,-1.1263899388780987,-2.8789787459841856
939,38,1,375,390.15852785110474,-0.6822596435469932,-3.1072313091791495
940,38,1,376,391.08074259757996,-0.5307278897678872,-3.7030648863718607
941,38,1,377,392.1696226596832,-0.09163423732868471,-3.7378520494365137
942,38,1,378,392.8140618801117,0.6029974782354487,-3.3003306322848363
943,38,1,379,393.8473868370056,1.077798478043516,-3.3868800052431993
944,38,1,380,394.1807174682617,1.568050773754524,-3.321693392468663
945,38,1,381,394.4918260574341,0.31277924150891245,-3.241276958911386
946,38,1,382,396.0029249191284,-0.406386067850043,-3.205944315084705
947,38,1,383,396.9473617076874,-1.093053118155122,-3.1081881528333506
948,38,1,384,397.7917993068695,-1.279629593376372,-3.3989887760232502
949,38,1,385,398.2806842327118,-1.5660752205780648,-3.8556536496322105
950,38,1,386,399.52511858940125,-1.7363243076904187,-3.7173717456689905
951,38,1,387,400.3251121044159,-1.7078278703575842,-3.142903829335635
952,38,1,388,401.4028811454773,-1.034341873708468,-2.649762052818567
953,38,1,389,402.23620772361755,-0.2979590647834606,-2.661728832342567
954,38,1,390,403.0028681755066,0.2780323936803406,-2.480323552848318
955,38,1,391,403.9584159851074,1.0264058406103334,-2.6722919607581765
956,38,1,392,404.72507643699646,1.7588750203393162,-2.6657107218966463
957,38,1,393,405.5695140361786,2.4676641589676827,-2.12650270194996
958,38,1,394,406.46950674057007,2.9438516027424395,-1.3053911830928229
959,38,1,395,407.3806104660034,3.3923705272586893,-0.5518106624982672
960,38,1,396,408.2139370441437,3.2276131866237883,0.2939799390656354
961,38,1,397,409.0139305591583,2.954922776343882,1.1710100839930817
962,38,1,398,409.8028130531311,3.05653836451748,1.6624496872671064
963,38,1,399,410.38058614730835,2.80590091404188,2.013207844090939
964,38,1,400,411.1694686412811,2.1736233282148665,2.429457485590009
965,38,1,401,411.86946296691895,1.4784342923953222,2.660881973107447
966,38,1,402,413.0361201763153,1.1154444076229761,2.5967292483927844
967,38,1,403,413.32500672340393,0.8955614507797637,2.571418897251891
968,38,1,404,413.94722390174866,0.3876025494763658,2.638874351687117
969,38,1,405,414.9361047744751,-0.23311335010614348,2.6983870311240126
970,38,1,406,415.713876247406,-0.7124759867601482,2.8942335295362978
971,38,1,407,416.7916452884674,-1.2169415150641567,3.06920505783925
972,38,1,408,418.1694118976593,-1.4879234141398086,3.287139297939598
973,38,1,409,419.19162583351135,-1.8416067492891321,3.22038879431539
974,38,1,410,420.6693916320801,-2.279940410110819,3.2274258701743896
975,38,1,411,421.5916063785553,-2.4106437149766102,3.4972962119933513
976,38,1,412,422.5249321460724,-2.711248972875202,3.7438658447862
977,38,1,413,423.69158935546875,-2.746920910638463,3.3570609975055197
978,38,1,414,425.1582441329956,-2.3036333458968046,3.022636275201119
979,38,1,415,426.0137927532196,-1.7274951646377064,3.189385742194387
980,38,1,416,426.81378626823425,-1.637758698403552,3.6287717033819913
981,38,1,417,427.78044509887695,-1.3241917997278931,3.9544083693487555
982,38,1,418,428.7248818874359,-1.2329669032277821,3.554824071477574
983,38,1,419,429.53598642349243,-1.2379701433465589,2.9470674260557264
984,38,1,420,430.53597831726074,-1.39749368658419,2.2880176485854067
985,38,1,421,431.35819387435913,-1.3993264390397138,1.6415194557856752
986,38,1,422,432.4137408733368,-1.4391926733026956,1.0206698450966436
987,38,1,423,433.1915123462677,-1.8329906401360425,0.6463250822559452
988,38,1,424,434.2248373031616,-2.4058321078666904,0.48249958288954353
989,38,1,425,435.33593940734863,-2.868161628710903,0.6347455048000816
990,38,1,426,436.502596616745,-3.319042378972852,0.7845307703394723
991,38,1,427,438.38035917282104,-3.5762000217055885,1.0895203620056801
992,38,1,428,439.15813064575195,-3.1388466335373364,1.1749988605300157
993,38,1,429,440.435898065567,-2.561782869450007,0.8932260916263102
994,38,1,430,441.380334854126,-2.246277888748745,0.2814045417927583
995,38,1,431,442.0692181587219,-2.102375150458813,-0.4771923766362224
996,38,1,432,442.9025447368622,-1.633690380960952,-1.2393166190883995
997,38,1,433,443.76920437812805,-1.2329649698055394,-1.8391482255984402
998,38,1,434,444.8691954612732,-1.159796861394725,-2.4983470690284237
999,38,1,435,445.5358567237854,-1.1185417749282398,-3.184516456244309
1000,38,1,436,446.3469612598419,-1.44335621905768,-3.7533503895272817
1001,38,1,437,447.38028621673584,-1.7383497468593183,-4.148771941115685
1002,38,1,438,447.8691711425781,-1.2963099713485842,-4.513100437507668
1003,38,1,439,448.44694423675537,-0.5761418288067901,-4.6609344818894
1004,38,1,440,449.3691589832306,-0.004648532662196231,-4.9366049061575765
1005,38,1,441,450.9358129501343,1.4172669750470988,-4.49729014572547
1006,38,1,442,451.6024742126465,1.9643817278485716,-3.9341343055297857
1007,38,1,443,452.72468733787537,2.3219412236976584,-3.2241399970085625
1008,38,1,444,453.58023595809937,2.76564210712432,-2.810269996486764
1009,38,1,445,454.2802302837372,2.892701200294031,-2.257876243426217
1010,38,1,446,455.2024450302124,2.9330064835013108,-1.5502372816818313
1011,38,1,447,456.4246573448181,3.1241965686885553,-0.9190976086107314
1012,38,1,448,457.4024271965027,3.654125563712666,-0.43504924049507787
1013,38,1,449,458.42464113235474,3.2451809571119163,-0.11626178114484373
1014,38,1,450,459.15796852111816,2.637673531811879,0.214895706407415
1015,38,1,451,460.3024036884308,1.978991951648445,0.5792091809915476
1016,38,1,452,461.0801751613617,1.4673194227539228,0.9355293706187817
1017,38,1,453,461.7912805080414,0.9952475583688117,1.1577555455654558
1018,38,1,454,462.48016381263733,0.5517719009911755,1.553781106001994
1019,38,1,455,463.535710811615,0.19655550377605696,2.067019985739197
1020,38,1,456,464.4245924949646,0.15227892153516182,2.5669638111415782
1021,38,1,457,465.63569378852844,-0.11850225237805292,2.87397933103499
1022,38,1,458,466.3245770931244,-0.5264943825061467,2.875494213337977
1023,38,1,459,467.1801257133484,-0.9919323455033894,3.003667472689476
1024,38,1,460,468.669002532959,-1.218390684915983,3.1717338958591705
1025,38,1,461,469.6023283004761,-1.5611956937476286,3.1830591376610733
1026,38,1,462,470.8245406150818,-1.4961557746431624,2.818212201631594
1027,38,1,463,471.8578655719757,-1.1611368319142152,2.3245308385880796
1028,38,1,464,472.92452359199524,-0.6455147130311156,1.9412763554066574
1029,38,1,465,474.2467350959778,-0.12721152472164327,1.6030423524672186
1030,38,1,466,474.92450737953186,0.2082891542338503,1.8122580904644663
1031,38,1,467,475.768944978714,0.5103838433957759,2.316700272411327
1032,38,1,468,476.6911597251892,0.45643376092020066,2.8627865351621127
1033,38,1,469,478.0355932712555,0.5805827999518159,3.3082454053949144
1034,38,1,470,479.1133623123169,0.5759644309371419,3.784597805763056
1035,38,1,471,480.1133542060852,0.49802345709484314,4.098702561904993
1036,38,1,472,480.902236700058,0.4668339536183366,4.513633878568472
1037,38,1,473,481.81334042549133,0.6434633584269037,4.87708676987025
1038,38,1,474,483.41332745552063,1.078254852062675,4.332769598224786
1039,38,1,475,484.1355438232422,1.4813500595371316,3.8673846992101133
1040,38,1,476,484.92442631721497,2.149995254598527,3.636154291018883
1041,38,1,477,485.6577537059784,2.578644733971519,3.2271741249202175
1042,38,1,478,486.75774478912354,2.677768178832107,2.5123770006225916
1043,38,1,479,487.30218482017517,2.882026490131992,2.3067353892129225
1044,38,1,480,488.05773425102234,3.0400489212560853,1.8114609589004604
1045,38,1,481,488.8910608291626,3.0414716131794006,1.075753911591531
1046,38,1,482,489.7799425125122,3.3373900889317705,0.19134477444418763
1047,38,1,483,490.62438011169434,3.1521578828838313,-0.7243088426143739
1048,38,1,484,491.65770506858826,2.633035844609864,-1.262212782917215
1049,38,1,485,492.22436714172363,2.3143935541183396,-1.5824757517867325
1050,38,1,486,492.6354749202728,2.3888698112964732,-2.4508091636819724
1051,38,1,487,493.3799133300781,1.8669341739886876,-3.261537817197227
1052,38,1,488,494.33546113967896,1.2344535724248518,-3.448997004540364
1053,38,1,489,495.2132318019867,0.6149669544368872,-3.5068002719740208
1054,38,1,490,495.8465600013733,0.11157485341915671,-3.8058345263816964
1055,38,1,491,496.31322288513184,0.24923517600044742,-4.310967310215764
1056,38,1,492,496.97988414764404,-0.020583374073408094,-4.593870918620235
1057,38,1,493,497.60210132598877,-0.22363872153016756,-4.333305893993635
1058,38,1,494,499.1465332508087,-0.13011916342172306,-3.8129052012059357
1059,38,1,495,500.36874556541443,0.41073912629756615,-3.49247017524607
1060,38,1,496,500.99096274375916,0.9732696319962028,-3.5339613375208283
1061,38,1,497,501.76873421669006,1.7939048664802664,-3.251173288488134
1062,38,1,498,502.63539385795593,2.413881376048081,-2.4301078196626946
1063,38,1,499,503.6242747306824,2.9343998158685354,-1.8925107764298452
1064,38,1,500,504.49093437194824,3.5762996946281884,-1.7714663511284716
1065,38,1,501,505.30203890800476,3.920275378072625,-1.2867656770567177
1066,38,1,502,506.01314425468445,3.7560160365843305,-0.3826508716254696
1067,38,1,503,506.86869287490845,3.44273072701558,0.48200871264522027
1068,38,1,504,507.56868720054626,3.089775863418979,0.9812877653354214
1069,38,1,505,508.4020137786865,2.5042276936313725,1.432701187988219
1070,38,1,506,509.1131191253662,2.0285806016376124,1.936751618303464
1071,38,1,507,510.0020008087158,1.3363981702789958,2.3012691615147665
1072,38,1,508,510.7464392185211,0.8303984087948398,2.778942263885745
1073,38,1,509,511.7575421333313,0.17538260786524312,3.1478049057511637
1074,38,1,510,512.7353119850159,-0.2449975506614071,3.5290749539925983
1075,38,1,511,513.8797471523285,-0.6223624271416464,3.7925981783287095
1076,38,1,512,514.7464067935944,-0.9436549923643479,4.010972045932414
1077,38,1,513,515.6019554138184,-1.4015937155592124,4.190529370003193
1078,38,1,514,516.5797252655029,-1.7480280635429921,4.398296972784113
1079,38,1,515,517.6352722644806,-1.8147005254791801,4.660571144507297
1080,38,1,516,519.5130348205566,-1.0748936877476303,4.317587197799405
1081,38,1,517,520.2352511882782,-0.5808695158808781,4.217569935249382
1082,38,1,518,521.1352438926697,-0.04061887984338093,4.025398575815915
1083,38,1,519,522.6018986701965,0.6115878192958776,3.692224601958179
1084,38,1,520,523.5463354587555,1.148805928938068,3.710039734411047
1085,38,1,521,524.6352155208588,0.7748063629308385,3.787372411952632
1086,38,1,522,525.5240972042084,0.1980451823175108,3.815870282150568
1087,38,1,523,526.4574229717255,-0.37811381911837016,3.84633525399453
1088,38,1,524,527.2463054656982,-0.793227523216651,4.085672295315421
1089,38,1,525,528.124076128006,-1.0873763669445724,4.223201996014218
1090,38,1,526,529.0018467903137,-1.3282898951646103,4.389570081194461
1091,38,1,527,529.8018403053284,-1.4714930683860687,4.617499203989178
1092,38,1,528,530.8018321990967,-1.8081342547626993,4.625014773646486
1093,38,1,529,533.1573686599731,-1.9665828287903717,3.846336108697563
1094,38,1,530,533.9240291118622,-1.71525433887588,3.444253222386447
1095,38,1,531,534.9017989635468,-1.253148316253659,2.983315415646358
1096,38,1,532,535.6573483943939,-0.8933898837653422,2.4910505307241757
1097,38,1,533,536.4017868041992,-0.6869536261550152,1.9176918240843055
1098,38,1,534,537.3017795085907,-0.6973332540091912,1.3065287993949355
1099,38,1,535,538.4128816127777,-0.5027994640621698,0.6023394642836989
1100,38,1,536,539.2906522750854,-0.6454139925843221,0.12443418836283493
1101,38,1,537,540.1795339584351,-0.41226253974839555,-0.603004196113859
1102,38,1,538,540.9128613471985,-0.2733684544877563,-1.3867683573029619
1103,38,1,539,541.9128532409668,-0.4426929236108797,-2.210897325021448
1104,38,1,540,542.9017341136932,-0.016638848480974792,-2.9637365270255014
1105,38,1,541,543.7461717128754,0.4163025480389001,-3.7522537379716963
1106,38,1,542,544.6461644172668,0.38500118544225026,-4.380258980092222
1107,38,1,543,545.2683815956116,-0.05976096508159535,-4.798479800394066
1108,38,1,544,546.2794845104218,-0.6326762109754582,-4.877713374712336
1109,38,1,545,547.4128086566925,-0.9066282974431683,-4.449353786835044
1110,38,1,546,548.3016903400421,-1.2207084048753396,-3.962001905700257
1111,38,1,547,548.8905744552612,-1.4839323450313202,-3.5472392001412913
1112,38,1,548,549.679456949234,-1.3681059583636532,-2.8789123402630805
1113,38,1,549,550.3350071907043,-1.252404448579382,-2.1551939343442426
1114,38,1,550,551.3127770423889,-1.0378659519783808,-1.524626828837322
1115,38,1,551,552.3016579151154,-0.6704928076964772,-0.9798364737013452
1116,38,1,552,553.0905404090881,0.052226145243949945,-0.6314691184842187
1117,38,1,553,554.046088218689,0.9894205069391994,-0.7382661709232059
1118,38,1,554,554.9349699020386,1.653420354914389,-1.2151911146767695
1119,38,1,555,555.5127429962158,2.106155478408626,-2.023145221692088
1120,38,1,556,556.5349569320679,2.551137675696477,-1.9880139209894363
1121,38,1,557,557.4571716785431,2.894977758521245,-1.2708729820903448
1122,38,1,558,558.4349415302277,2.938290672295551,-0.5234272791259261
1123,38,1,559,559.6793758869171,2.5778551814633284,0.1871675997458295
1124,38,1,560,560.6127016544342,2.013711340828263,0.8345855050997455
1125,38,1,561,561.490472316742,1.3654514986555806,1.3021993020788678
1126,38,1,562,562.3126878738403,0.8420270714392379,1.9378296004261215
1127,38,1,563,563.1793475151062,0.22929296773163477,2.494647081109549
1128,38,1,564,564.5460031032562,-0.06211429406986409,2.981664612796266
1129,38,1,565,565.9904358386993,-0.16184372161103505,3.086397472115951
1130,38,1,566,566.8015403747559,-0.45207535452355135,3.0735399788171773
1131,38,1,567,567.9681975841522,-0.8513342949857954,2.7320630150778085
1132,38,1,568,568.9348564147949,-1.4516134265184553,2.351136743346541
1133,38,1,569,569.8570711612701,-2.0327564768320436,2.2972508916927254
1134,38,1,570,570.812618970871,-2.51992713329913,2.524050577163734
1135,38,1,571,571.6237235069275,-2.5090056937426826,3.0018815964566112
1136,38,1,572,572.6237154006958,-2.0323191766756814,3.135146719841412
1137,38,1,573,573.5681521892548,-1.5720105719319533,3.26566391378175
1138,38,1,574,574.3125905990601,-1.3757011276197308,3.707596022015599
1139,38,1,575,575.1125841140747,-0.9722812045382458,3.6756069939976066
1140,38,1,576,576.0459098815918,-0.5072099811170372,3.5088145318893917
1141,38,1,577,576.7570152282715,-0.031949187436008955,3.5078065799197
1142,38,1,578,577.6681189537048,0.4369341089684632,3.7540122529112736
1143,38,1,579,578.4792234897614,0.6946156593304453,4.167992033146087
1144,38,1,580,579.1569957733154,0.4388735904473122,4.44689268240978
1145,38,1,581,580.2792088985443,0.10207522259001575,4.835067577498844
1146,38,1,582,582.5569682121277,0.9831710130755111,4.160502298063902
1147,38,1,583,583.2236294746399,1.20871726729896,3.6890376766196895
1148,38,1,584,583.6014041900635,1.3560727410244107,2.863610544568851
1149,38,1,585,584.4013977050781,0.9258018359477145,2.6401422255323292
1150,38,1,586,584.8902826309204,0.45624423693390487,2.4799256977409656
1151,38,1,587,585.8791635036469,-0.07585259769361366,2.2739178350470954
1152,38,1,588,586.6569349765778,-0.5673751724485305,2.07593174856894
1153,38,1,589,587.5235946178436,-1.1197295369426588,1.9779377709034955
1154,38,1,590,588.3791432380676,-1.6291105610551053,2.006332996472224
1155,38,1,591,589.290246963501,-2.0831126293889746,1.8101998018947656
1156,38,1,592,590.2124617099762,-2.54297189845812,1.6352951851853395
1157,38,1,593,591.0568993091583,-2.6855705258063294,1.266694022768412
1158,38,1,594,592.5013320446014,-2.921961092954522,0.7337679921395553
1159,38,1,595,593.7013223171234,-2.81375797605265,0.4988875013136451
1160,38,1,596,594.3679835796356,-2.3966233949782634,0.04184764464902562
1161,38,1,597,595.1679770946503,-2.1732311773251487,-0.594860538194544
1162,38,1,598,596.1568579673767,-1.713382566254209,-1.105638815493967
1163,38,1,599,597.1901829242706,-1.0816084497355718,-1.5208929290087199
1164,38,1,600,597.9012882709503,-0.7577916606555493,-1.9751071062185273
1165,38,1,601,598.8123919963837,-0.3507741515050577,-2.475972015984854
1166,38,1,602,599.7568287849426,-0.02130370643806386,-2.9868372024523593
